{"sections":{"aa4081bc-0c10-41f0-92c5-3527794cff3f":{"type":"section-slideshow-v5","blocks":{"template--17513940812087__aa4081bc-0c10-41f0-92c5-3527794cff3f-167325218619a01cb9-0":{"type":"slideshow","settings":{"img_slide":"shopify:\/\/shop_images\/s3.jpg","bg_section":"#ffffff","img_logo":"shopify:\/\/shop_images\/logo-icon_1.png","title_slide":"The Best Coffee","color_title":"#000000","content":"Coffee product rown with love","fonts_sub_1":"Stalemate","color_content":"#000000","btn_slide":"SHOP NOW","color_btn":"#ffffff","bg_btn":"#be9c79","color_btn_hover":"#ffffff","bg_btn_hover":"#111111","url_btn":"shopify:\/\/collections\/all"}},"template--17513940812087__aa4081bc-0c10-41f0-92c5-3527794cff3f-167325218619a01cb9-1":{"type":"slideshow","settings":{"img_slide":"shopify:\/\/shop_images\/s4.jpg","bg_section":"#ffffff","img_logo":"shopify:\/\/shop_images\/logo-icon_1.png","title_slide":"Arabica Coffee","color_title":"#000000","content":"Coffee product rown with love","fonts_sub_1":"Stalemate","color_content":"#000000","btn_slide":"SHOP NOW","color_btn":"#ffffff","bg_btn":"#be9c79","color_btn_hover":"#ffffff","bg_btn_hover":"#111111","url_btn":"shopify:\/\/collections\/all"}}},"block_order":["template--17513940812087__aa4081bc-0c10-41f0-92c5-3527794cff3f-167325218619a01cb9-0","template--17513940812087__aa4081bc-0c10-41f0-92c5-3527794cff3f-167325218619a01cb9-1"],"settings":{"margin_top":"","margin_bottom":""}},"c8216324-6a88-487a-8225-d5dfe85e3494":{"type":"section-banner-v8","settings":{"bg_section":"#e7ecef","img_banner1":"shopify:\/\/shop_images\/ba13.jpg","title_banner1":"Pure Coffee","url_banner1":"shopify:\/\/collections\/all","img_banner2":"shopify:\/\/shop_images\/ba10.jpg","title_banner2":"Coffee Beans","url_banner2":"shopify:\/\/collections\/all","img_banner3":"shopify:\/\/shop_images\/ba12.jpg","title_banner3":"Arvica Coffee","url_banner3":"shopify:\/\/collections\/all","img_banner4":"shopify:\/\/shop_images\/ba11.jpg","title_banner4":"Coffee Black","url_banner4":"shopify:\/\/collections\/all","color_title":"#ffffff","color_btn_hover":"#ffffff","margin_top":"","margin_bottom":""}},"6819266a-621f-47b0-ad03-ebc6ede1db54":{"type":"section-product-v3","settings":{"title_heading":"Best Seller","color_title":"#222222","sub_title":"Best Seller Product This Week!","color_sub_title":"#666666","select_collection":"new","products_limit":8,"margin_top":"","margin_bottom":""}},"4bf9d239-6376-4b23-95bb-7b54d9aa2eff":{"type":"section-banner-v3","blocks":{"template--17513940812087__4bf9d239-6376-4b23-95bb-7b54d9aa2eff-167331653279f0c825-0":{"type":"banner","settings":{"brand_url":"shopify:\/\/collections\/all","banner_img":"shopify:\/\/shop_images\/ba16.jpg","title_collection":"Pure Coffee","color_title":"#000000","color_hover_title":"#be9c79","title_sub":"New Collection","color_subtitle":"#000000"}},"template--17513940812087__4bf9d239-6376-4b23-95bb-7b54d9aa2eff-167331653279f0c825-1":{"type":"banner","settings":{"brand_url":"shopify:\/\/collections\/all","banner_img":"shopify:\/\/shop_images\/ba15.jpg","title_collection":"Coffee Beans","color_title":"#000000","color_hover_title":"#be9c79","title_sub":"New Collection","color_subtitle":"#000000"}},"template--17513940812087__4bf9d239-6376-4b23-95bb-7b54d9aa2eff-167331653279f0c825-2":{"type":"banner","settings":{"brand_url":"shopify:\/\/collections\/all","banner_img":"shopify:\/\/shop_images\/ba17.jpg","title_collection":"Arvica Coffee","color_title":"#000000","color_hover_title":"#be9c79","title_sub":"New Collection","color_subtitle":"#000000"}},"template--17513940812087__4bf9d239-6376-4b23-95bb-7b54d9aa2eff-167331653279f0c825-3":{"type":"banner","settings":{"brand_url":"shopify:\/\/collections\/all","banner_img":"shopify:\/\/shop_images\/ba18.jpg","title_collection":"Coffee Black","color_title":"#000000","color_hover_title":"#be9c79","title_sub":"New Collection","color_subtitle":"#000000"}}},"block_order":["template--17513940812087__4bf9d239-6376-4b23-95bb-7b54d9aa2eff-167331653279f0c825-0","template--17513940812087__4bf9d239-6376-4b23-95bb-7b54d9aa2eff-167331653279f0c825-1","template--17513940812087__4bf9d239-6376-4b23-95bb-7b54d9aa2eff-167331653279f0c825-2","template--17513940812087__4bf9d239-6376-4b23-95bb-7b54d9aa2eff-167331653279f0c825-3"],"settings":{"ena_background_img":false,"bg_color":"#faf2eb"}},"756deea3-bf41-4228-aef0-79b272d17d7d":{"type":"section-product-v7","settings":{"title_heading":"DEALS OF THE DAY","color_title":"#000000","select_collection":"countdown","products_limit":2,"margin_top":"70","margin_bottom":""}},"d3075356-9de7-43a3-a588-68009e804957":{"type":"section-banner-v7","settings":{"margin_top":"70","margin_bottom":"","img_banner":"shopify:\/\/shop_images\/ba19.jpg","title_banner":"Rewards just for shopping!","color_title":"#ffffff","content_banner":"Don’t forget to opt into Fashion News to have your offers and rewards delivered right to your inbox!","color_content_banner":"#ffffff"}},"99078290-201e-4ced-849c-3ad85a9b58ca":{"type":"section-instagram-v2","settings":{"section_title_big":"Instagram Shop","item_icon":"fa fa-instagram","ins_userid":"","ins_access_token":"3672948962.0f64772.430edb7f711e4665b59777c54d1ed9ce","ins_limit_number":"10","margin_top":"","margin_bottom":""}}},"order":["aa4081bc-0c10-41f0-92c5-3527794cff3f","c8216324-6a88-487a-8225-d5dfe85e3494","6819266a-621f-47b0-ad03-ebc6ede1db54","4bf9d239-6376-4b23-95bb-7b54d9aa2eff","756deea3-bf41-4228-aef0-79b272d17d7d","d3075356-9de7-43a3-a588-68009e804957","99078290-201e-4ced-849c-3ad85a9b58ca"]}