{"sections":{"458c58ef-1a30-4f3a-a1a0-c46f65cfe1b7":{"type":"section-banner-v4","blocks":{"cff7a60c-d464-4cb9-bb70-0a2f6cb5ad53":{"type":"banner","settings":{"img_banner1":"shopify:\/\/shop_images\/ba20.jpg","url_banner1":"shopify:\/\/collections\/all","title_banner1":"Coffee","btn_banner1":"SHOP NOW","color_title":"#ffffff","color_btn_banner":"#111111","bg_btn_banner":"#ffffff","hover_color_btn_banner":"#ffffff","hover_bg_btn_banner":"#be9c79"}},"d1b3a2f7-404c-4819-a968-91cbbe629653":{"type":"banner","settings":{"img_banner1":"shopify:\/\/shop_images\/ba21.jpg","url_banner1":"shopify:\/\/collections\/all","title_banner1":"Tea","btn_banner1":"SHOP NOW","color_title":"#ffffff","color_btn_banner":"#111111","bg_btn_banner":"#ffffff","hover_color_btn_banner":"#ffffff","hover_bg_btn_banner":"#be9c79"}},"49f5b1bb-73e1-4608-8835-a21e101a2e97":{"type":"banner","settings":{"img_banner1":"shopify:\/\/shop_images\/ba22.jpg","url_banner1":"shopify:\/\/collections\/all","title_banner1":"flavour","btn_banner1":"SHOP NOW","color_title":"#ffffff","color_btn_banner":"#111111","bg_btn_banner":"#ffffff","hover_color_btn_banner":"#ffffff","hover_bg_btn_banner":"#be9c79"}}},"block_order":["cff7a60c-d464-4cb9-bb70-0a2f6cb5ad53","d1b3a2f7-404c-4819-a968-91cbbe629653","49f5b1bb-73e1-4608-8835-a21e101a2e97"],"settings":{"margin_top":"","margin_bottom":""}},"8f1c3e62-1d2b-419e-bf85-79ccca936fae":{"type":"section-product-v3","settings":{"title_heading":"Best Seller","color_title":"#222222","sub_title":"Best Seller Product This Week!","color_sub_title":"#666666","select_collection":"frontpage","products_limit":8,"margin_top":"","margin_bottom":"70"}},"9f000ed9-2cd3-4a66-b95a-dbc1ae98d74d":{"type":"section-banner-v5","settings":{"ena_padding_top":false,"ena_container":true,"select_pos":"left","margin_top":"70","margin_bottom":"","bg_banner":"#faf2eb","title_banner":"Coffee is all<br> about choice","color_title":"#111111","sub_title_banner":"Praesent egestas tristique nibh. Sed mollis, eros et ultrices tempus mauris ipsumaliquam libero, non adipiscing dolor urna a orci. Fusce convallis metus id felis luctus adipiscing. Integer tincidunt.","color_sub_title":"#111111","button_banner":"SHOP NOW","color_btn":"#ffffff","bg_btn":"#111111","color_btn_hover":"#111111","url_banner":"shopify:\/\/collections\/all","img_banner_right":"shopify:\/\/shop_images\/ba23.jpg"}},"16d609b9-c016-43df-b191-ea3c6e450d58":{"type":"section-banner-v5","settings":{"ena_padding_top":false,"ena_container":true,"select_pos":"right","margin_top":"","margin_bottom":"70","bg_banner":"#faf2eb","title_banner":"Hot and fresh coffee all around","color_title":"#111111","sub_title_banner":"Praesent egestas tristique nibh. Sed mollis, eros et ultrices tempus mauris ipsumaliquam libero, non adipiscing dolor urna a orci. Fusce convallis metus id felis luctus adipiscing. Integer tincidunt.","color_sub_title":"#111111","button_banner":"SHOP NOW","color_btn":"#ffffff","bg_btn":"#111111","color_btn_hover":"#111111","url_banner":"shopify:\/\/collections\/all","img_banner_right":"shopify:\/\/shop_images\/ba24.jpg"}},"23a151b8-4c34-408c-99ad-a34d80bacd2b":{"type":"section-product-v7","settings":{"title_heading":"DEALS OF THE DAY","color_title":"#000000","select_collection":"countdown","products_limit":2,"margin_top":"","margin_bottom":""}},"e75d8626-1248-4e09-b4b3-dace9dd9534b":{"type":"section-instagram-v3","settings":{"title_content":"cofea On Instagram","link_insta":"#cofea","ins_userid":"","ins_access_token":"3672948962.0f64772.430edb7f711e4665b59777c54d1ed9ce","ins_limit_number":"6","item_icon":"fa fa-instagram","margin_top":"","margin_bottom":""}}},"order":["458c58ef-1a30-4f3a-a1a0-c46f65cfe1b7","8f1c3e62-1d2b-419e-bf85-79ccca936fae","9f000ed9-2cd3-4a66-b95a-dbc1ae98d74d","16d609b9-c016-43df-b191-ea3c6e450d58","23a151b8-4c34-408c-99ad-a34d80bacd2b","e75d8626-1248-4e09-b4b3-dace9dd9534b"]}