{"sections":{"a9abe5dc-087a-4a60-ade7-3a959dbb7d9f":{"type":"section-slideshow-v1","blocks":{"template--17513940812087__a9abe5dc-087a-4a60-ade7-3a959dbb7d9f-16732538279e48b8d5-0":{"type":"slideshow","settings":{"select_position_content":"center","select_textalign_content":"center","block_title_top1":"Style Destination","color_block_title_top1":"#ffffff","font_size_top1":18,"fonts_sub_1":"","effect_title1":"bounce","block_title_top":"Delicious Flavor","color_block_title_top":"#ffffff","font_size_title_top":80,"fonts_title_top":"","effect_title":"bounce","block_title_top2":"Aliqua id fugiat irure ex duis ea quis id quis ad et. <br>Sunt qui esse pariatur duis deserunt","color_block_title_top2":"#ffffff","font_size_top2":20,"fonts_sub_2":"","effect_title2":"bounce","block_buton":"SHOP NOW","color_block_button":"#ffffff","font_size_button":14,"fonts_button":"","color_hover_button":"#ffffff","color_hover_text":"#000000","block_url":"shopify:\/\/collections\/all","effect_title3":"bounce","ena_slide_video":false,"url_ytb_video":"","block_banerimage":"shopify:\/\/shop_images\/s6.jpg"}},"template--17513940812087__a9abe5dc-087a-4a60-ade7-3a959dbb7d9f-16732538279e48b8d5-1":{"type":"slideshow","settings":{"select_position_content":"center","select_textalign_content":"center","block_title_top1":"Style Destination","color_block_title_top1":"#ffffff","font_size_top1":18,"fonts_sub_1":"","effect_title1":"bounce","block_title_top":"Distinct coffee aroma","color_block_title_top":"#ffffff","font_size_title_top":80,"fonts_title_top":"","effect_title":"bounce","block_title_top2":"Aliqua id fugiat irure ex duis ea quis id quis ad et. <br>Sunt qui esse pariatur duis deserunt","color_block_title_top2":"#ffffff","font_size_top2":20,"fonts_sub_2":"","effect_title2":"bounce","block_buton":"SHOP NOW","color_block_button":"#ffffff","font_size_button":14,"fonts_button":"","color_hover_button":"#ffffff","color_hover_text":"#000000","block_url":"shopify:\/\/collections\/all","effect_title3":"bounce","ena_slide_video":false,"url_ytb_video":"","block_banerimage":"shopify:\/\/shop_images\/s5.jpg"}}},"block_order":["template--17513940812087__a9abe5dc-087a-4a60-ade7-3a959dbb7d9f-16732538279e48b8d5-0","template--17513940812087__a9abe5dc-087a-4a60-ade7-3a959dbb7d9f-16732538279e48b8d5-1"],"settings":{"margin_top":"","margin_bottom":""}},"a6f13455-3d5e-4776-a863-43ecb864284f":{"type":"section-banner-v1","settings":{"ena_padding_top":false,"margin_top":"30","margin_bottom":"30","url_button":"shopify:\/\/collections\/all","img_banner":"shopify:\/\/shop_images\/ba7.jpg","title_banner":"Coffee Black","sub_title":"Store Coffee","button_1":"SHOP NOW","img_banner2":"shopify:\/\/shop_images\/ba8.jpg","title_banner2":"Coffee Beans","sub_title2":"Store Coffee","button_2":"SHOP NOW","color_btn":"#ffffff","bg_btn":"#000000","color_btn_hover":"#ffffff","bg_btn_hover":"#be9c79"}},"00517e35-a917-4953-bfab-bd22db0e32a0":{"type":"section-banner-v6","settings":{"ena_container":false,"img_banner1":"shopify:\/\/shop_images\/ba9.jpg","subtitle":"Up to 15% off","title_banner":"Wake up your taste buds","content_banner":"Real cocktails to make ordinary occasions, extraordinary.","btn_banner":"SHOP NOW","url_btn":"shopify:\/\/collections\/all","btn_banner_2":"View detail","url_btn_2":"shopify:\/\/collections\/all","margin_top":"","margin_bottom":""}},"8f1c3e62-1d2b-419e-bf85-79ccca936fae":{"type":"section-product-v3","settings":{"title_heading":"Best Seller","color_title":"#222222","sub_title":"Best Seller Product This Week!","color_sub_title":"#666666","select_collection":"frontpage","products_limit":8,"margin_top":"","margin_bottom":"70"}},"5ad28af6-07ec-4bc9-aba1-4701d9a4d72b":{"type":"section-blog-v3","settings":{"section_title":"Our Blog","color_title":"#111111","select_blog":"news","blogs_limit":2,"enable_description":true,"button_name":"Read More","margin_top":"","margin_bottom":""}},"e75d8626-1248-4e09-b4b3-dace9dd9534b":{"type":"section-instagram-v3","settings":{"title_content":"cofea On Instagram","link_insta":"#cofea","ins_userid":"","ins_access_token":"3672948962.0f64772.430edb7f711e4665b59777c54d1ed9ce","ins_limit_number":"6","item_icon":"fa fa-instagram","margin_top":"","margin_bottom":""}}},"order":["a9abe5dc-087a-4a60-ade7-3a959dbb7d9f","a6f13455-3d5e-4776-a863-43ecb864284f","00517e35-a917-4953-bfab-bd22db0e32a0","8f1c3e62-1d2b-419e-bf85-79ccca936fae","5ad28af6-07ec-4bc9-aba1-4701d9a4d72b","e75d8626-1248-4e09-b4b3-dace9dd9534b"]}