{"sections":{"16545716817290dfb6":{"type":"section-slideshow-v1","blocks":{"165457168133c49654-1":{"type":"slideshow","settings":{"select_position_content":"right","select_textalign_content":"left","block_title_top1":"SPECIAL OFFER","color_block_title_top1":"#111111","font_size_top1":18,"fonts_sub_1":"","effect_title1":"bounce","block_title_top":"Coffee flavour","color_block_title_top":"#111111","font_size_title_top":80,"fonts_title_top":"","effect_title":"bounce","block_title_top2":"Aliqua id fugiat irure ex duis ea quis id quis ad et. <br>Sunt qui esse pariatur duis deserunt","color_block_title_top2":"#111111","font_size_top2":20,"fonts_sub_2":"","effect_title2":"bounce","block_buton":"SHOP NOW","color_block_button":"#111111","font_size_button":14,"fonts_button":"","color_hover_button":"#111111","color_hover_text":"#ffffff","block_url":"shopify:\/\/collections\/all","effect_title3":"bounce","ena_slide_video":false,"url_ytb_video":"","block_banerimage":"shopify:\/\/shop_images\/s7.jpg"}},"165457168133c49654-0":{"type":"slideshow","settings":{"select_position_content":"center","select_textalign_content":"center","block_title_top1":"SPECIAL OFFER","color_block_title_top1":"#ffffff","font_size_top1":18,"fonts_sub_1":"","effect_title1":"bounce","block_title_top":"Distinct coffee aroma","color_block_title_top":"#ffffff","font_size_title_top":80,"fonts_title_top":"","effect_title":"bounce","block_title_top2":"Aliqua id fugiat irure ex duis ea quis id quis ad et. <br>Sunt qui esse pariatur duis deserunt","color_block_title_top2":"#ffffff","font_size_top2":20,"fonts_sub_2":"","effect_title2":"bounce","block_buton":"SHOP NOW","color_block_button":"#ffffff","font_size_button":14,"fonts_button":"","color_hover_button":"#ffffff","color_hover_text":"#111111","block_url":"shopify:\/\/collections\/all","effect_title3":"bounce","ena_slide_video":false,"url_ytb_video":"","block_banerimage":"shopify:\/\/shop_images\/s8.jpg"}}},"block_order":["165457168133c49654-1","165457168133c49654-0"],"settings":{"margin_top":"","margin_bottom":""}},"b642585d-4c97-482f-9078-61c24972c294":{"type":"section-collection-v2","blocks":{"template--17513940812087__b642585d-4c97-482f-9078-61c24972c294-167323239012eba8ed-0":{"type":"colection","settings":{"brand_img":"shopify:\/\/shop_images\/ba3.jpg","bg_color":"#be9c79","bg_color_hover":"#000000","title_collection":"Pure Coffee","color_title_collection":"#ffffff","brand_url":"shopify:\/\/collections\/all"}},"template--17513940812087__b642585d-4c97-482f-9078-61c24972c294-167323239012eba8ed-1":{"type":"colection","settings":{"brand_img":"shopify:\/\/shop_images\/ba4.jpg","bg_color":"#be9c79","bg_color_hover":"#000000","title_collection":"Coffee Black","color_title_collection":"#ffffff","brand_url":"shopify:\/\/collections\/all"}},"template--17513940812087__b642585d-4c97-482f-9078-61c24972c294-167323239012eba8ed-2":{"type":"colection","settings":{"brand_img":"shopify:\/\/shop_images\/ba1.jpg","bg_color":"#be9c79","bg_color_hover":"#000000","title_collection":"Coffee Beans","color_title_collection":"#ffffff","brand_url":"shopify:\/\/collections\/all"}},"8d4eea02-282c-4927-aa07-0ecc073f1e77":{"type":"colection","settings":{"brand_img":"shopify:\/\/shop_images\/ba2.jpg","bg_color":"#be9c79","bg_color_hover":"#000000","title_collection":"Arvica Coffee","color_title_collection":"#ffffff","brand_url":"shopify:\/\/collections\/all"}}},"block_order":["template--17513940812087__b642585d-4c97-482f-9078-61c24972c294-167323239012eba8ed-0","template--17513940812087__b642585d-4c97-482f-9078-61c24972c294-167323239012eba8ed-1","template--17513940812087__b642585d-4c97-482f-9078-61c24972c294-167323239012eba8ed-2","8d4eea02-282c-4927-aa07-0ecc073f1e77"],"settings":{"margin_top":"","margin_bottom":""}},"b17a3d2b-14e6-45a1-9021-1e34e4ee39a5":{"type":"section-product-v6","settings":{"section_layout":"banner_left","img_banner1":"shopify:\/\/shop_images\/ba5.jpg","button_1":"COFFEE FLAVOUR","url_button1":"shopify:\/\/collections\/all","color_btn":"","bg_btn":"#ffffff","color_btn_hover":"#ffffff","bg_btn_hover":"#be9c79","select_collection":"new","products_limit":4,"margin_top":"","margin_bottom":""}},"9f000ed9-2cd3-4a66-b95a-dbc1ae98d74d":{"type":"section-banner-v5","settings":{"ena_padding_top":false,"ena_container":true,"select_pos":"left","margin_top":"70","margin_bottom":"","bg_banner":"#faf2eb","title_banner":"Hot and fresh coffee all around","color_title":"#111111","sub_title_banner":"Praesent egestas tristique nibh. Sed mollis, eros et ultrices tempus mauris ipsumaliquam libero, non adipiscing dolor urna a orci. Fusce convallis metus id felis luctus adipiscing. Integer tincidunt.","color_sub_title":"#111111","button_banner":"SHOP NOW","color_btn":"#ffffff","bg_btn":"#111111","color_btn_hover":"#111111","url_banner":"shopify:\/\/collections\/all","img_banner_right":"shopify:\/\/shop_images\/ba6.jpg"}},"a3d14723-b592-4ec8-902e-650ae68e0501":{"type":"section-product-v1","settings":{"title_heading":"Hot Deal","color_title":"#222222","sub-title1":"Don't Miss Today's Featured Deals","select_collection":"new","products_limit":4,"margin_top":"","margin_bottom":""}},"55632d5d-686f-4186-b3c6-8c509ee201a4":{"type":"section-blog-v1","settings":{"margin_top":"","margin_bottom":"","section_title":"Our Blogs","color_title":"#222222","select_blog":"news","blogs_limit":3,"enable_category":true,"enable_date":true,"enable_title":true,"enable_excerpt":true,"ena_btn_readmore":true}}},"order":["16545716817290dfb6","b642585d-4c97-482f-9078-61c24972c294","b17a3d2b-14e6-45a1-9021-1e34e4ee39a5","9f000ed9-2cd3-4a66-b95a-dbc1ae98d74d","a3d14723-b592-4ec8-902e-650ae68e0501","55632d5d-686f-4186-b3c6-8c509ee201a4"]}