{"sections":{"83181be6-fd51-4dce-817d-6dc2423b2d9b":{"type":"section-slideshow-v1","blocks":{"template--17513940812087__83181be6-fd51-4dce-817d-6dc2423b2d9b-167332170471ab9a84-0":{"type":"slideshow","settings":{"select_position_content":"left","select_textalign_content":"left","block_title_top1":"Style Destination","color_block_title_top1":"#ffffff","font_size_top1":18,"fonts_sub_1":"","effect_title1":"bounce","block_title_top":"Special Pure Coffee","color_block_title_top":"#ffffff","font_size_title_top":80,"fonts_title_top":"","effect_title":"bounce","block_title_top2":"Aliqua id fugiat irure ex duis ea quis id quis ad et. <br>Sunt qui esse pariatur duis deserunt","color_block_title_top2":"#ffffff","font_size_top2":20,"fonts_sub_2":"","effect_title2":"bounce","block_buton":"SHOP NOW","color_block_button":"#ffffff","font_size_button":14,"fonts_button":"","color_hover_button":"#ffffff","color_hover_text":"#010101","block_url":"shopify:\/\/collections\/all","effect_title3":"bounce","ena_slide_video":false,"url_ytb_video":"","block_banerimage":"shopify:\/\/shop_images\/s1.jpg"}},"template--17513940812087__83181be6-fd51-4dce-817d-6dc2423b2d9b-167332170471ab9a84-1":{"type":"slideshow","settings":{"select_position_content":"right","select_textalign_content":"left","block_title_top1":"Style Destination","color_block_title_top1":"#ffffff","font_size_top1":18,"fonts_sub_1":"","effect_title1":"bounce","block_title_top":"Coffee Black","color_block_title_top":"#ffffff","font_size_title_top":80,"fonts_title_top":"","effect_title":"bounce","block_title_top2":"Aliqua id fugiat irure ex duis ea quis id quis ad et. <br>Sunt qui esse pariatur duis deserunt","color_block_title_top2":"#ffffff","font_size_top2":20,"fonts_sub_2":"","effect_title2":"bounce","block_buton":"SHOP NOW","color_block_button":"#ffffff","font_size_button":14,"fonts_button":"","color_hover_button":"#ffffff","color_hover_text":"#010101","block_url":"shopify:\/\/collections\/all","effect_title3":"bounce","ena_slide_video":false,"url_ytb_video":"","block_banerimage":"shopify:\/\/shop_images\/s2.jpg"}}},"block_order":["template--17513940812087__83181be6-fd51-4dce-817d-6dc2423b2d9b-167332170471ab9a84-0","template--17513940812087__83181be6-fd51-4dce-817d-6dc2423b2d9b-167332170471ab9a84-1"],"settings":{"margin_top":"","margin_bottom":""}},"6d5cef52-e45e-4af6-afb3-ffdf5f5f5022":{"type":"section-service-v1","blocks":{"template--17513940812087__6d5cef52-e45e-4af6-afb3-ffdf5f5f5022-167334046984393468-0":{"type":"service","settings":{"block_number":"1","background_banner":"#ffffff","img_icon":"shopify:\/\/shop_images\/icon3v3.png","block_title":"FREE SHIPPING","block_content":"For all order over $99"}},"template--17513940812087__6d5cef52-e45e-4af6-afb3-ffdf5f5f5022-167334046984393468-1":{"type":"service","settings":{"block_number":"2","background_banner":"#ffffff","img_icon":"shopify:\/\/shop_images\/icon2v2.png","block_title":"DELIVERY ON TIME","block_content":"Definition and measurement"}},"template--17513940812087__6d5cef52-e45e-4af6-afb3-ffdf5f5f5022-167334046984393468-2":{"type":"service","settings":{"block_number":"3","background_banner":"#ffffff","img_icon":"shopify:\/\/shop_images\/icon1v1.png","block_title":"SECURE PAMENT","block_content":"100% secure payment"}}},"block_order":["template--17513940812087__6d5cef52-e45e-4af6-afb3-ffdf5f5f5022-167334046984393468-0","template--17513940812087__6d5cef52-e45e-4af6-afb3-ffdf5f5f5022-167334046984393468-1","template--17513940812087__6d5cef52-e45e-4af6-afb3-ffdf5f5f5022-167334046984393468-2"],"settings":{"margin_top":"","margin_bottom":"","bg_section":"#faf2eb"}},"d3075356-9de7-43a3-a588-68009e804957":{"type":"section-banner-v7","settings":{"margin_top":"70","margin_bottom":"","img_banner":"shopify:\/\/shop_images\/ba19.jpg","title_banner":"Rewards just for shopping!","color_title":"#ffffff","content_banner":"Don’t forget to opt into Fashion News to have your offers and rewards delivered right to your inbox!","color_content_banner":"#ffffff"}},"8f1c3e62-1d2b-419e-bf85-79ccca936fae":{"type":"section-product-v3","settings":{"title_heading":"Best Seller","color_title":"#222222","sub_title":"Best Seller Product This Week!","color_sub_title":"#666666","select_collection":"frontpage","products_limit":8,"margin_top":"","margin_bottom":"70"}},"458c58ef-1a30-4f3a-a1a0-c46f65cfe1b7":{"type":"section-banner-v4","blocks":{"cff7a60c-d464-4cb9-bb70-0a2f6cb5ad53":{"type":"banner","settings":{"img_banner1":"shopify:\/\/shop_images\/ba20.jpg","url_banner1":"shopify:\/\/collections\/all","title_banner1":"Coffee","btn_banner1":"SHOP NOW","color_title":"#ffffff","color_btn_banner":"#111111","bg_btn_banner":"#ffffff","hover_color_btn_banner":"#ffffff","hover_bg_btn_banner":"#be9c79"}},"d1b3a2f7-404c-4819-a968-91cbbe629653":{"type":"banner","settings":{"img_banner1":"shopify:\/\/shop_images\/ba21.jpg","url_banner1":"shopify:\/\/collections\/all","title_banner1":"Tea","btn_banner1":"SHOP NOW","color_title":"#ffffff","color_btn_banner":"#111111","bg_btn_banner":"#ffffff","hover_color_btn_banner":"#ffffff","hover_bg_btn_banner":"#be9c79"}},"49f5b1bb-73e1-4608-8835-a21e101a2e97":{"type":"banner","settings":{"img_banner1":"shopify:\/\/shop_images\/ba22.jpg","url_banner1":"shopify:\/\/collections\/all","title_banner1":"flavour","btn_banner1":"SHOP NOW","color_title":"#ffffff","color_btn_banner":"#111111","bg_btn_banner":"#ffffff","hover_color_btn_banner":"#ffffff","hover_bg_btn_banner":"#be9c79"}}},"block_order":["cff7a60c-d464-4cb9-bb70-0a2f6cb5ad53","d1b3a2f7-404c-4819-a968-91cbbe629653","49f5b1bb-73e1-4608-8835-a21e101a2e97"],"settings":{"margin_top":"","margin_bottom":""}},"a3d14723-b592-4ec8-902e-650ae68e0501":{"type":"section-product-v1","settings":{"title_heading":"Hot Deal","color_title":"#222222","sub-title1":"Don't Miss Today's Featured Deals","select_collection":"new","products_limit":4,"margin_top":"","margin_bottom":""}},"996edb83-beae-43b8-bb9d-043c7be397d5":{"type":"section-blog-v1","settings":{"margin_top":"","margin_bottom":"","section_title":"Our Blogs","color_title":"#222222","select_blog":"news","blogs_limit":3,"enable_category":true,"enable_date":true,"enable_title":true,"enable_excerpt":true,"ena_btn_readmore":true}}},"order":["83181be6-fd51-4dce-817d-6dc2423b2d9b","6d5cef52-e45e-4af6-afb3-ffdf5f5f5022","d3075356-9de7-43a3-a588-68009e804957","8f1c3e62-1d2b-419e-bf85-79ccca936fae","458c58ef-1a30-4f3a-a1a0-c46f65cfe1b7","a3d14723-b592-4ec8-902e-650ae68e0501","996edb83-beae-43b8-bb9d-043c7be397d5"]}